"student_id","stu_name","department","email_id","phone_no","address","date_of_birth","gender","major","gpa","grade"
1,"Ram","ECE","ram@gmail.com","8597654321","RAIPUR","1997-06-02","MALE","Electronics","7","B"
2,"Naveen","CSE","naveen@gmail.com","9983443210","YZG","1996-01-05","MALE","IT","8","A"
5,"Mohan","AG","mohan@gmail.com","7674535432","SRIKAKULAM","1994-08-03","MALE","Soil conservation","4","E"
6,"Vijay","EEE","vijay@gmail.com","8889654321","VIJAYNAGARAM","1993-02-02","MALE","Electrical","7","B"
9,"Manoj","ECE","manoj@gmail.com","7777654321","JHARKHAND","1990-05-05","MALE","Electronics","6","C"
10,"Shiva","CSE","shiva@gmail.com","8954543217","BIHAR","1996-04-02","MALE","IT","9","E"
