"Event_ID","Event_Name","Event_Date","Event_Location","Event_Description"
1,"Stakeholdermanagement","2023-05-06","Bangalore","Managing Stakeholder Communication"
2,"Productmanagement","2022-04-03","Hyderabad","Product management Skills"
4,"RBStrainings for SQL","2021-09-06","Mumbai","Advance SQL for Intermediate learners"
5,"ICLeaftrainings","2023-10-05","Pune","Advance knowledge on PostgresSQL"
6,"New-Stakeholdermanagement","2023-08-09","Bangalore","Managing Stakeholder Communication"
3,"Advance Excel","2023-03-01","BBSR","Advance Excel Skills"
7,"New-Sample","2023-08-09","Bangalore","Managing Stakeholder Communication"
